point,x,y,x_err,y_err_lo,y_err_hi
p1,23.62,8.213,1.0,2.4989999999999988,2.859
p2,27.08,7.15,1.0,3.4690000000000003,3.321999999999999
p3,30.01,4.852,1.0,1.0780000000000003,1.1849999999999996
